GeoType,NTAType,GeogName,GeoID,Borough,Pop_1E_TotalPop,MdHHIncE,MdEarningperWrkE,Hsp1E,Hsp1P-Hispanic,WtNHE,WtNHPWhite,BlNHE,BlNHP-Black,AIANNHE,AIANNHP-Am-Ind,AsnNHE,AsnNHP-Asian,NHPINHE,NHPINHP-NatHawaii-Pac-Is,OthNHE,OthNHP-Other,Rc2plNHE,Rc2plNHP-2more,EA_Pop25olderplE,EA_HScGrdE,EA_HScGrdP,EA_BchDHE,EA_BachandHigherDHP
NTA2020,0,Greenpoint,BK0101,Brooklyn,"37,518",111887,"66,034","5,498",14.7,"27,273",72.7,937,2.5,22,0.1,"1,464",3.9,0,,210,0.6,"2,114",5.6,"30,752","4,446",14.5,"19,369",63
NTA2020,0,Williamsburg,BK0102,Brooklyn,"63,316",120986,"71,125","18,908",29.9,"34,827",55,"1,395",2.2,11,0,"4,905",7.7,0,,248,0.4,"3,022",4.8,"47,384","6,721",14.2,"29,421",62.1
NTA2020,0,South Williamsburg,BK0103,Brooklyn,"47,065",32704,"21,915","3,957",8.4,"40,619",86.3,"1,571",3.3,0,,237,0.5,0,,264,0.6,417,0.9,"18,556","7,312",39.4,"2,712",14.6
NTA2020,0,East Williamsburg,BK0104,Brooklyn,"53,478",66540,"50,269","20,099",37.6,"20,302",38,"6,439",12,58,0.1,"4,865",9.1,0,,172,0.3,"1,543",2.9,"39,348","7,230",18.4,"17,262",43.9
NTA2020,0,Brooklyn Heights,BK0201,Brooklyn,"24,775",171607,"100,000","1,722",7,"18,465",74.5,"1,337",5.4,78,0.3,"1,846",7.5,0,,73,0.3,"1,254",5.1,"18,637",698,3.7,"16,111",86.4
NTA2020,0,Downtown Brooklyn-DUMBO-Boerum Hill,BK0202,Brooklyn,"38,546",130750,"88,685","6,002",15.6,"18,001",46.7,"5,868",15.2,39,0.1,"6,764",17.5,26,0.1,192,0.5,"1,654",4.3,"28,523","3,262",11.4,"20,587",72.2
NTA2020,0,Fort Greene,BK0203,Brooklyn,"35,051",92474,"60,655","5,635",16.1,"11,964",34.1,"10,579",30.2,193,0.6,"3,771",10.8,0,,410,1.2,"2,499",7.1,"25,348","3,353",13.2,"14,555",57.4
NTA2020,0,Clinton Hill,BK0204,Brooklyn,"27,368",107899,"68,931","3,659",13.4,"12,812",46.8,"7,539",27.5,14,0.1,"1,949",7.1,0,,105,0.4,"1,290",4.7,"20,720","1,836",8.9,"14,948",72.1
NTA2020,0,Bedford-Stuyvesant (West),BK0301,Brooklyn,"89,224",68009,"45,050","17,365",19.5,"33,954",38.1,"31,086",34.8,57,0.1,"3,286",3.7,22,0,197,0.2,"3,257",3.7,"58,440","12,200",20.9,"26,959",46.1
NTA2020,0,Bedford-Stuyvesant (East),BK0302,Brooklyn,"92,298",65789,"44,834","15,285",16.6,"14,299",15.5,"55,966",60.6,81,0.1,"2,832",3.1,21,0,189,0.2,"3,625",3.9,"65,736","18,720",28.5,"25,929",39.4
NTA2020,0,Bushwick (West),BK0401,Brooklyn,"55,156",79378,"40,130","29,472",53.4,"16,517",29.9,"3,134",5.7,113,0.2,"4,056",7.4,15,0,464,0.8,"1,385",2.5,"40,311","7,667",19,"17,504",43.4
NTA2020,0,Bushwick (East),BK0402,Brooklyn,"62,987",58615,"36,420","31,599",50.2,"10,598",16.8,"15,746",25,76,0.1,"2,619",4.2,1,0,930,1.5,"1,418",2.3,"43,067","11,071",25.7,"12,206",28.3
NTA2020,0,Cypress Hills,BK0501,Brooklyn,"42,755",56443,"36,443","29,889",69.9,"1,804",4.2,"7,783",18.2,46,0.1,"1,883",4.4,7,0,548,1.3,795,1.9,"27,890","12,074",43.3,"4,324",15.5
NTA2020,0,East New York (North),BK0502,Brooklyn,"44,841",49140,"33,608","15,425",34.4,981,2.2,"25,051",55.9,38,0.1,"1,488",3.3,0,,253,0.6,"1,605",3.6,"28,122","12,130",43.1,"3,924",14
NTA2020,0,East New York-New Lots,BK0503,Brooklyn,"52,314",45249,"35,319","12,724",24.3,961,1.8,"36,401",69.6,29,0.1,733,1.4,27,0.1,715,1.4,724,1.4,"34,656","13,720",39.6,"5,650",16.3
NTA2020,0,Spring Creek-Starrett City,BK0504,Brooklyn,"15,917",33309,"37,820","2,479",15.6,"2,460",15.5,"9,950",62.5,0,,438,2.8,0,,142,0.9,448,2.8,"11,388","4,725",41.5,"2,298",20.2
NTA2020,0,East New York-City Line,BK0505,Brooklyn,"48,572",37521,"32,893","12,605",26,"1,341",2.8,"28,313",58.3,11,0,"4,566",9.4,140,0.3,541,1.1,"1,055",2.2,"30,034","15,177",50.5,"4,074",13.6
NTA2020,0,Carroll Gardens-Cobble Hill-Gowanus-Red Hook,BK0601,Brooklyn,"63,167",116386,"73,501","11,423",18.1,"34,594",54.8,"9,340",14.8,64,0.1,"3,540",5.6,653,1,611,1,"2,942",4.7,"45,343","5,254",11.6,"29,996",66.2
NTA2020,0,Park Slope,BK0602,Brooklyn,"60,202",174224,"91,335","7,391",12.3,"41,075",68.2,"3,000",5,40,0.1,"5,278",8.8,13,0,268,0.4,"3,137",5.2,"45,327","2,187",4.8,"37,084",81.8
NTA2020,0,Windsor Terrace-South Slope,BK0701,Brooklyn,"27,023",121706,"76,216","3,841",14.2,"18,575",68.7,689,2.5,0,,"2,626",9.7,0,,173,0.6,"1,119",4.1,"19,841","2,515",12.7,"13,943",70.3
NTA2020,0,Sunset Park (West),BK0702,Brooklyn,"53,050",75881,"38,542","30,625",57.7,"12,570",23.7,"2,217",4.2,19,0,"6,066",11.4,19,0,151,0.3,"1,383",2.6,"36,865","7,869",21.3,"12,653",34.3
NTA2020,0,Sunset Park (Central),BK0703,Brooklyn,"46,012",55880,"26,200","14,952",32.5,"4,335",9.4,979,2.1,219,0.5,"24,983",54.3,0,,88,0.2,456,1,"31,661","7,168",22.6,"6,173",19.5
NTA2020,0,Prospect Heights,BK0801,Brooklyn,"24,082",136840,"79,107","2,116",8.8,"13,646",56.7,"4,794",19.9,4,0,"1,758",7.3,0,,43,0.2,"1,721",7.1,"19,475","1,537",7.9,"14,674",75.3
NTA2020,0,Crown Heights (North),BK0802,Brooklyn,"87,451",61171,"45,006","11,937",13.6,"18,542",21.2,"49,596",56.7,143,0.2,"2,770",3.2,0,,720,0.8,"3,743",4.3,"64,596","14,450",22.4,"27,002",41.8
NTA2020,0,Crown Heights (South),BK0901,Brooklyn,"51,880",62324,"37,021","5,435",10.5,"16,149",31.1,"28,711",55.3,0,,489,0.9,0,,371,0.7,725,1.4,"35,163","8,352",23.8,"12,815",36.4
NTA2020,0,Prospect Lefferts Gardens-Wingate,BK0902,Brooklyn,"48,477",63625,"44,873","4,087",8.4,"11,982",24.7,"28,690",59.2,17,0,"1,539",3.2,0,,292,0.6,"1,870",3.9,"36,245","8,907",24.6,"14,573",40.2
NTA2020,0,Bay Ridge,BK1001,Brooklyn,"85,796",82811,"53,510","16,912",19.7,"50,351",58.7,"2,730",3.2,83,0.1,"13,135",15.3,14,0,306,0.4,"2,265",2.6,"63,331","11,947",18.9,"31,367",49.5
NTA2020,0,Dyker Heights,BK1002,Brooklyn,"43,548",67470,"32,661","5,807",13.3,"17,638",40.5,628,1.4,105,0.2,"18,895",43.4,0,,32,0.1,443,1,"31,173","9,022",28.9,"10,364",33.2
NTA2020,0,Bensonhurst,BK1101,Brooklyn,"102,241",58505,"30,228","18,472",18.1,"38,963",38.1,576,0.6,566,0.6,"40,663",39.8,0,,396,0.4,"2,605",2.5,"72,300","17,866",24.7,"22,195",30.7
NTA2020,0,Bath Beach,BK1102,Brooklyn,"33,765",67951,"41,689","5,137",15.2,"14,995",44.4,765,2.3,12,0,"11,154",33,3,0,43,0.1,"1,656",4.9,"23,483","5,777",24.6,"8,478",36.1
NTA2020,0,Gravesend (West),BK1103,Brooklyn,"60,810",64136,"35,375","7,835",12.9,"23,937",39.4,958,1.6,46,0.1,"25,894",42.6,0,,324,0.5,"1,816",3,"42,647","12,024",28.2,"13,444",31.5
NTA2020,0,Sunset Park (East)-Borough Park (West),BK1201,Brooklyn,"30,773",47146,"25,624","7,509",24.4,"6,230",20.2,919,3,0,,"15,320",49.8,0,,460,1.5,335,1.1,"20,540","5,351",26.1,"4,407",21.5
NTA2020,0,Borough Park,BK1202,Brooklyn,"84,493",45383,"27,418","6,556",7.8,"69,009",81.7,531,0.6,32,0,"5,924",7,0,,"1,613",1.9,828,1,"37,405","15,040",40.2,"8,089",21.6
NTA2020,0,Kensington,BK1203,Brooklyn,"39,486",71004,"43,311","6,490",16.4,"18,596",47.1,"3,094",7.8,35,0.1,"9,512",24.1,0,,135,0.3,"1,624",4.1,"26,890","5,504",20.5,"13,062",48.6
NTA2020,0,Mapleton-Midwood (West),BK1204,Brooklyn,"38,337",66953,"34,579","3,614",9.4,"29,070",75.8,502,1.3,0,,"4,172",10.9,9,0,278,0.7,692,1.8,"22,620","6,211",27.5,"7,977",35.3
NTA2020,0,Gravesend (South),BK1301,Brooklyn,"29,353",48891,"39,522","4,666",15.9,"14,199",48.4,"3,056",10.4,26,0.1,"6,339",21.6,0,,332,1.1,735,2.5,"21,068","5,556",26.4,"7,253",34.4
NTA2020,0,Coney Island-Sea Gate,BK1302,Brooklyn,"51,871",38033,"36,986","9,809",18.9,"27,178",52.4,"9,140",17.6,137,0.3,"4,153",8,0,,6,0,"1,448",2.8,"37,865","10,787",28.5,"13,972",36.9
NTA2020,0,Brighton Beach,BK1303,Brooklyn,"31,295",44046,"34,297","3,839",12.3,"22,373",71.5,263,0.8,0,,"2,625",8.4,0,,204,0.7,"1,991",6.4,"23,531","4,792",20.4,"11,891",50.5
NTA2020,0,Flatbush,BK1401,Brooklyn,"69,495",69617,"42,293","12,351",17.8,"10,975",15.8,"40,560",58.4,8,0,"2,879",4.1,0,,290,0.4,"2,432",3.5,"49,470","14,997",30.3,"16,193",32.7
NTA2020,0,Flatbush (West)-Ditmas Park-Parkville,BK1402,Brooklyn,"42,020",77139,"47,992","7,525",17.9,"17,059",40.6,"8,097",19.3,0,,"7,587",18.1,0,,416,1,"1,336",3.2,"29,448","5,879",20,"13,286",45.1
NTA2020,0,Midwood,BK1403,Brooklyn,"53,963",64024,"39,934","4,046",7.5,"37,186",68.9,"3,025",5.6,0,,"7,468",13.8,36,0.1,621,1.2,"1,581",2.9,"34,640","6,391",18.4,"16,989",49
NTA2020,0,Gravesend (East)-Homecrest,BK1501,Brooklyn,"53,438",64980,"40,350","6,744",12.6,"35,620",66.7,"1,277",2.4,84,0.2,"7,412",13.9,0,,944,1.8,"1,357",2.5,"34,973","8,989",25.7,"14,059",40.2
NTA2020,0,Madison,BK1502,Brooklyn,"42,801",74474,"47,216","3,174",7.4,"26,058",60.9,"1,321",3.1,24,0.1,"10,675",24.9,42,0.1,49,0.1,"1,458",3.4,"30,145","8,491",28.2,"12,230",40.6
NTA2020,0,Sheepshead Bay-Manhattan Beach-Gerritsen Beach,BK1503,Brooklyn,"68,331",72203,"50,248","5,903",8.6,"42,914",62.8,"4,302",6.3,48,0.1,"13,047",19.1,0,,186,0.3,"1,931",2.8,"50,857","13,368",26.3,"21,116",41.5
NTA2020,0,Ocean Hill,BK1601,Brooklyn,"40,043",44077,"40,180","8,898",22.2,"3,300",8.2,"26,230",65.5,112,0.3,480,1.2,0,,263,0.7,760,1.9,"26,274","9,378",35.7,"6,089",23.2
NTA2020,0,Brownsville,BK1602,Brooklyn,"49,099",24233,"30,144","11,334",23.1,873,1.8,"34,036",69.3,49,0.1,714,1.5,44,0.1,187,0.4,"1,862",3.8,"34,787","12,719",36.6,"4,151",11.9
NTA2020,0,East Flatbush-Erasmus,BK1701,Brooklyn,"45,024",61554,"40,985","3,082",6.8,"2,942",6.5,"35,687",79.3,198,0.4,966,2.1,0,,437,1,"1,712",3.8,"32,039","11,636",36.3,"10,011",31.2
NTA2020,0,East Flatbush-Farragut,BK1702,Brooklyn,"35,993",68619,"43,096","3,138",8.7,747,2.1,"28,886",80.3,28,0.1,903,2.5,19,0.1,180,0.5,"2,092",5.8,"26,340","8,363",31.8,"7,165",27.2
NTA2020,0,East Flatbush-Rugby,BK1703,Brooklyn,"40,186",64407,"40,284","2,548",6.3,"1,283",3.2,"34,330",85.4,62,0.2,529,1.3,0,,111,0.3,"1,323",3.3,"29,528","10,287",34.8,"7,713",26.1
NTA2020,0,East Flatbush-Remsen Village,BK1704,Brooklyn,"37,761",47806,"37,344","2,153",5.7,"1,288",3.4,"31,739",84.1,0,,188,0.5,0,,415,1.1,"1,978",5.2,"27,245","9,463",34.7,"6,074",22.3
NTA2020,0,Flatlands,BK1801,Brooklyn,"71,676",76727,"42,600","6,259",8.7,"11,131",15.5,"47,066",65.7,95,0.1,"3,729",5.2,0,,634,0.9,"2,762",3.9,"49,562","14,647",29.6,"15,601",31.5
NTA2020,0,Marine Park-Mill Basin-Bergen Beach,BK1802,Brooklyn,"46,698",99754,"58,053","3,608",7.7,"29,185",62.5,"6,747",14.4,129,0.3,"5,322",11.4,0,,273,0.6,"1,434",3.1,"32,775","8,824",26.9,"13,745",41.9
NTA2020,0,Canarsie,BK1803,Brooklyn,"90,185",74176,"44,373","7,881",8.7,"3,903",4.3,"72,612",80.5,117,0.1,"2,164",2.4,0,,350,0.4,"3,158",3.5,"61,684","19,809",32.1,"17,837",28.9
NTA2020,0,Mott Haven-Port Morris,BX0101,Bronx,"54,828",24500,"25,327","38,153",69.6,"1,620",3,"14,278",26,44,0.1,146,0.3,0,,268,0.5,319,0.6,"33,829","9,355",27.7,"4,209",12.4
NTA2020,0,Melrose,BX0102,Bronx,"42,674",25173,"26,541","29,951",70.2,836,2,"11,087",26,6,0,310,0.7,8,0,165,0.4,311,0.7,"25,470","7,426",29.2,"3,417",13.4
NTA2020,0,Hunts Point,BX0201,Bronx,"14,509",31657,"28,543","10,419",71.8,256,1.8,"3,550",24.5,183,1.3,25,0.2,0,,53,0.4,23,0.2,"8,946","3,046",34,"1,198",13.4
NTA2020,0,Longwood,BX0202,Bronx,"40,395",34093,"27,726","29,481",73,907,2.2,"9,351",23.1,0,,218,0.5,0,,102,0.3,336,0.8,"25,011","6,728",26.9,"3,628",14.5
NTA2020,0,Morrisania,BX0301,Bronx,"35,703",29273,"27,055","19,832",55.5,513,1.4,"14,145",39.6,47,0.1,269,0.8,0,,384,1.1,513,1.4,"22,338","5,571",24.9,"2,922",13.1
NTA2020,0,Claremont Village-Claremont (East),BX0302,Bronx,"24,648",29969,"23,829","11,649",47.3,281,1.1,"12,259",49.7,0,,10,0,0,,39,0.2,410,1.7,"14,258","4,387",30.8,"1,404",9.8
NTA2020,0,Crotona Park East,BX0303,Bronx,"29,120",36533,"29,008","18,076",62.1,233,0.8,"9,949",34.2,20,0.1,159,0.5,0,,344,1.2,339,1.2,"19,066","5,427",28.5,"3,147",16.5
NTA2020,0,Concourse-Concourse Village,BX0401,Bronx,"68,876",37891,"30,367","40,901",59.4,"2,364",3.4,"23,188",33.7,246,0.4,"1,198",1.7,0,,359,0.5,620,0.9,"45,892","13,297",29,"7,273",15.8
NTA2020,0,Highbridge,BX0402,Bronx,"33,144",36374,"28,479","20,471",61.8,909,2.7,"10,793",32.6,0,,146,0.4,0,,336,1,489,1.5,"19,874","5,597",28.2,"3,212",16.2
NTA2020,0,Mount Eden-Claremont (West),BX0403,Bronx,"52,923",36677,"25,355","37,576",71,"1,278",2.4,"12,385",23.4,68,0.1,462,0.9,74,0.1,468,0.9,612,1.2,"33,042","9,748",29.5,"5,231",15.8
NTA2020,0,University Heights (South)-Morris Heights,BX0501,Bronx,"55,415",33247,"26,017","38,080",68.7,"1,062",1.9,"13,923",25.1,0,,"1,308",2.4,17,0,212,0.4,813,1.5,"34,709","9,882",28.5,"5,197",15
NTA2020,0,Mount Hope,BX0502,Bronx,"48,934",39522,"25,670","31,595",64.6,792,1.6,"14,564",29.8,55,0.1,484,1,1,0,483,1,960,2,"29,909","8,664",29,"4,300",14.4
NTA2020,0,Fordham Heights,BX0503,Bronx,"33,865",38120,"24,735","25,564",75.5,311,0.9,"6,791",20.1,142,0.4,375,1.1,0,,60,0.2,622,1.8,"19,857","5,815",29.3,"2,093",10.5
NTA2020,0,West Farms,BX0601,Bronx,"18,633",24803,"22,499","13,672",73.4,388,2.1,"4,169",22.4,117,0.6,102,0.5,77,0.4,37,0.2,71,0.4,"11,418","3,063",26.8,"1,148",10.1
NTA2020,0,Tremont,BX0602,Bronx,"32,097",28480,"27,268","20,032",62.4,397,1.2,"11,070",34.5,5,0,149,0.5,0,,12,0,432,1.3,"19,652","5,415",27.6,"3,053",15.5
NTA2020,0,Belmont,BX0603,Bronx,"35,619",28588,"21,068","21,803",61.2,"4,536",12.7,"7,682",21.6,51,0.1,751,2.1,0,,103,0.3,693,1.9,"18,978","5,153",27.2,"2,640",13.9
NTA2020,0,University Heights (North)-Fordham,BX0701,Bronx,"47,047",38585,"25,981","38,644",82.1,"1,163",2.5,"5,261",11.2,96,0.2,954,2,0,,604,1.3,325,0.7,"30,738","9,541",31,"4,369",14.2
NTA2020,0,Bedford Park,BX0702,Bronx,"56,967",43134,"28,017","42,766",75.1,"2,768",4.9,"8,031",14.1,314,0.6,"2,496",4.4,0,,324,0.6,268,0.5,"36,684","10,345",28.2,"5,944",16.2
NTA2020,0,Norwood,BX0703,Bronx,"41,357",40265,"30,916","25,088",60.7,"4,356",10.5,"6,135",14.8,400,1,"4,725",11.4,0,,97,0.2,556,1.3,"26,901","7,372",27.4,"5,995",22.3
NTA2020,0,Kingsbridge Heights-Van Cortlandt Village,BX0801,Bronx,"36,201",49223,"29,022","25,741",71.1,"3,335",9.2,"5,252",14.5,0,,"1,201",3.3,34,0.1,52,0.1,586,1.6,"24,850","5,477",22,"6,175",24.8
NTA2020,0,Kingsbridge-Marble Hill,BX0802,Bronx,"26,452",48393,"31,227","17,739",67.1,"4,115",15.6,"3,001",11.3,226,0.9,807,3.1,0,,186,0.7,378,1.4,"17,748","4,139",23.3,"5,212",29.4
NTA2020,0,Riverdale-Spuyten Duyvil,BX0803,Bronx,"47,309",102965,"61,550","11,815",25,"27,063",57.2,"4,302",9.1,0,,"2,040",4.3,0,,503,1.1,"1,586",3.4,"34,547","4,887",14.1,"21,512",62.3
NTA2020,0,Soundview-Bruckner-Bronx River,BX0901,Bronx,"68,566",37676,"30,524","43,697",63.7,"1,415",2.1,"18,234",26.6,74,0.1,"2,884",4.2,37,0.1,"1,080",1.6,"1,145",1.7,"44,290","13,251",29.9,"6,950",15.7
NTA2020,0,Soundview-Clason Point,BX0902,Bronx,"36,401",48090,"38,094","24,629",67.7,803,2.2,"10,033",27.6,213,0.6,357,1,0,,116,0.3,250,0.7,"23,498","5,677",24.2,"4,931",21
NTA2020,0,Castle Hill-Unionport,BX0903,Bronx,"39,440",48847,"36,501","21,666",54.9,"1,582",4,"9,092",23.1,65,0.2,"5,187",13.2,0,,"1,119",2.8,729,1.8,"26,240","7,712",29.4,"4,579",17.5
NTA2020,0,Parkchester,BX0904,Bronx,"30,824",58418,"39,299","11,946",38.8,530,1.7,"11,086",36,301,1,"6,171",20,0,,93,0.3,697,2.3,"21,132","5,862",27.7,"6,333",30
NTA2020,0,Westchester Square,BX1001,Bronx,"16,137",49085,"34,125","9,365",58,851,5.3,"1,737",10.8,0,,"3,353",20.8,28,0.2,342,2.1,461,2.9,"10,547","2,674",25.4,"2,325",22
NTA2020,0,Throgs Neck-Schuylerville,BX1002,Bronx,"49,408",76740,"43,182","24,853",50.3,"16,085",32.6,"4,307",8.7,58,0.1,"2,855",5.8,7,0,659,1.3,584,1.2,"33,283","9,369",28.1,"8,247",24.8
NTA2020,0,Pelham Bay-Country Club-City Island,BX1003,Bronx,"28,126",69594,"47,458","11,551",41.1,"13,099",46.6,"1,332",4.7,0,,"1,387",4.9,0,,160,0.6,597,2.1,"21,138","5,430",25.7,"7,358",34.8
NTA2020,0,Co-op City,BX1004,Bronx,"37,285",55200,"42,564","10,617",28.5,"2,027",5.4,"22,381",60,0,,996,2.7,0,,155,0.4,"1,109",3,"28,980","8,346",28.8,"7,663",26.4
NTA2020,0,Pelham Parkway-Van Nest,BX1101,Bronx,"30,701",62223,"38,655","17,215",56.1,"5,214",17,"5,046",16.4,53,0.2,"1,891",6.2,0,,522,1.7,760,2.5,"20,830","5,696",27.3,"5,767",27.7
NTA2020,0,Morris Park,BX1102,Bronx,"22,807",71290,"45,460","9,177",40.2,"9,581",42,"1,244",5.5,58,0.3,"2,355",10.3,0,,90,0.4,302,1.3,"16,443","4,721",28.7,"5,412",32.9
NTA2020,0,Pelham Gardens,BX1103,Bronx,"30,315",81373,"44,375","10,822",35.7,"5,992",19.8,"9,898",32.7,53,0.2,"2,952",9.7,0,,199,0.7,399,1.3,"21,352","4,874",22.8,"6,710",31.4
NTA2020,0,Allerton,BX1104,Bronx,"36,771",42891,"34,476","18,432",50.1,"4,481",12.2,"10,367",28.2,26,0.1,"2,079",5.7,10,0,261,0.7,"1,115",3,"25,062","7,209",28.8,"5,230",20.9
NTA2020,0,Williamsbridge-Olinville,BX1201,Bronx,"62,282",46933,"33,528","20,957",33.6,"1,619",2.6,"36,365",58.4,354,0.6,789,1.3,19,0,984,1.6,"1,195",1.9,"40,266","11,889",29.5,"7,682",19.1
NTA2020,0,Eastchester-Edenwald-Baychester,BX1202,Bronx,"57,325",65658,"35,531","16,262",28.4,"1,261",2.2,"37,750",65.9,57,0.1,413,0.7,0,,429,0.7,"1,153",2,"38,203","13,138",34.4,"9,666",25.3
NTA2020,0,Wakefield-Woodlawn,BX1203,Bronx,"49,639",68604,"41,392","10,526",21.2,"7,055",14.2,"26,665",53.7,82,0.2,"2,003",4,0,,"1,713",3.5,"1,595",3.2,"35,746","10,343",28.9,"10,433",29.2
NTA2020,0,Financial District-Battery Park City,MN0101,Manhattan,"48,262",193429,"100,000","3,325",6.9,"31,340",64.9,"1,333",2.8,30,0.1,"9,540",19.8,0,,609,1.3,"2,085",4.3,"36,544","1,873",5.1,"30,890",84.5
NTA2020,0,Tribeca-Civic Center,MN0102,Manhattan,"23,993",200000,"100,000","2,846",11.9,"15,295",63.7,"1,423",5.9,0,,"3,579",14.9,0,,92,0.4,758,3.2,"17,234","1,308",7.6,"13,995",81.2
NTA2020,0,SoHo-Little Italy-Hudson Square,MN0201,Manhattan,"23,294",121881,"78,528","1,852",8,"14,701",63.1,218,0.9,0,,"5,967",25.6,0,,116,0.5,440,1.9,"18,557",946,5.1,"14,280",77
NTA2020,0,Greenwich Village,MN0202,Manhattan,"32,580",150464,"90,658","2,284",7,"23,003",70.6,"1,303",4,0,,"4,893",15,0,,145,0.4,952,2.9,"23,823",819,3.4,"20,899",87.7
NTA2020,0,West Village,MN0203,Manhattan,"31,984",137180,"100,000","2,995",9.4,"25,379",79.3,554,1.7,27,0.1,"1,738",5.4,0,,63,0.2,"1,228",3.8,"27,566","1,507",5.5,"23,001",83.4
NTA2020,0,Chinatown-Two Bridges,MN0301,Manhattan,"41,533",28940,"33,096","7,128",17.2,"4,459",10.7,"2,728",6.6,131,0.3,"25,943",62.5,0,,233,0.6,911,2.2,"33,455","5,385",16.1,"9,573",28.6
NTA2020,0,Lower East Side,MN0302,Manhattan,"45,118",47220,"47,265","13,884",30.8,"15,110",33.5,"4,538",10.1,229,0.5,"10,310",22.9,19,0,218,0.5,810,1.8,"34,952","6,375",18.2,"15,164",43.4
NTA2020,0,East Village,MN0303,Manhattan,"70,450",70618,"62,194","16,308",23.1,"35,331",50.2,"5,493",7.8,144,0.2,"9,959",14.1,12,0,244,0.3,"2,959",4.2,"52,486","6,544",12.5,"31,893",60.8
NTA2020,0,Chelsea-Hudson Yards,MN0401,Manhattan,"62,761",117283,"96,621","10,839",17.3,"38,124",60.7,"3,506",5.6,0,,"7,659",12.2,50,0.1,488,0.8,"2,095",3.3,"52,783","4,105",7.8,"39,671",75.2
NTA2020,0,Hell's Kitchen,MN0402,Manhattan,"55,169",91630,"85,861","11,436",20.7,"29,143",52.8,"2,336",4.2,55,0.1,"9,822",17.8,17,0,178,0.3,"2,182",4,"47,384","5,050",10.7,"33,270",70.2
NTA2020,0,Midtown South-Flatiron-Union Square,MN0501,Manhattan,"28,209",154011,"99,639","3,099",11,"17,288",61.3,"1,325",4.7,78,0.3,"5,355",19,0,,207,0.7,857,3,"21,730","1,250",5.8,"17,991",82.8
NTA2020,0,Midtown-Times Square,MN0502,Manhattan,"21,093",136616,"100,000","2,684",12.7,"11,523",54.6,"1,548",7.3,4,0,"4,056",19.2,87,0.4,76,0.4,"1,115",5.3,"18,140","1,396",7.7,"13,670",75.4
NTA2020,0,Stuyvesant Town-Peter Cooper Village,MN0601,Manhattan,"22,327",140143,"97,590","1,659",7.4,"15,969",71.5,826,3.7,0,,"2,894",13,0,,89,0.4,890,4,"17,674",627,3.5,"15,047",85.1
NTA2020,0,Gramercy,MN0602,Manhattan,"27,291",136821,"93,561","1,852",6.8,"18,767",68.8,"1,516",5.6,0,,"4,255",15.6,36,0.1,45,0.2,820,3,"19,791","1,078",5.4,"16,585",83.8
NTA2020,0,Murray Hill-Kips Bay,MN0603,Manhattan,"58,079",124740,"90,490","6,253",10.8,"35,252",60.7,"3,550",6.1,0,,"10,094",17.4,0,,550,0.9,"2,380",4.1,"45,407","2,631",5.8,"36,996",81.5
NTA2020,0,East Midtown-Turtle Bay,MN0604,Manhattan,"41,355",152155,"100,000","3,334",8.1,"31,495",76.2,558,1.3,26,0.1,"5,203",12.6,0,,63,0.2,676,1.6,"35,086","2,029",5.8,"29,017",82.7
NTA2020,0,Upper West Side-Lincoln Square,MN0701,Manhattan,"65,253",140116,"100,000","5,405",8.3,"43,601",66.8,"2,785",4.3,9,0,"9,732",14.9,0,,"1,295",2,"2,426",3.7,"51,859","3,003",5.8,"42,815",82.6
NTA2020,0,Upper West Side (Central),MN0702,Manhattan,"102,851",139071,"92,475","13,625",13.2,"75,834",73.7,"3,258",3.2,0,,"5,948",5.8,0,,332,0.3,"3,854",3.7,"81,124","5,172",6.4,"64,963",80.1
NTA2020,0,Upper West Side-Manhattan Valley,MN0703,Manhattan,"53,542",95243,"60,644","14,653",27.4,"24,815",46.3,"6,588",12.3,32,0.1,"6,153",11.5,0,,316,0.6,985,1.8,"41,051","4,642",11.3,"25,378",61.8
NTA2020,0,Upper East Side-Lenox Hill-Roosevelt Island,MN0801,Manhattan,"81,894",125161,"89,131","7,307",8.9,"57,648",70.4,"2,432",3,113,0.1,"12,215",14.9,123,0.2,124,0.2,"1,932",2.4,"63,974","5,235",8.2,"50,676",79.2
NTA2020,0,Upper East Side-Carnegie Hill,MN0802,Manhattan,"54,910",186071,"100,000","4,094",7.5,"45,387",82.7,402,0.7,20,0,"3,222",5.9,1,0,158,0.3,"1,626",3,"43,286","2,194",5.1,"36,706",84.8
NTA2020,0,Upper East Side-Yorkville,MN0803,Manhattan,"80,475",130237,"94,822","8,179",10.2,"59,076",73.4,"3,180",4,0,,"7,463",9.3,13,0,395,0.5,"2,169",2.7,"65,856","5,098",7.7,"51,051",77.5
NTA2020,0,Morningside Heights,MN0901,Manhattan,"38,346",68652,"35,189","7,715",20.1,"17,286",45.1,"5,497",14.3,228,0.6,"6,217",16.2,1,0,205,0.5,"1,197",3.1,"22,330","2,518",11.3,"15,917",71.3
NTA2020,0,Manhattanville-West Harlem,MN0902,Manhattan,"23,847",42603,"33,194","12,062",50.6,"3,454",14.5,"6,459",27.1,59,0.2,"1,317",5.5,0,,55,0.2,441,1.8,"16,743","4,248",25.4,"5,015",30
NTA2020,0,Hamilton Heights-Sugar Hill,MN0903,Manhattan,"53,595",58832,"37,691","26,205",48.9,"9,196",17.2,"13,814",25.8,0,,"1,989",3.7,0,,449,0.8,"1,942",3.6,"40,860","7,497",18.3,"16,201",39.7
NTA2020,0,Harlem (South),MN1001,Manhattan,"50,774",64944,"48,452","9,613",18.9,"12,156",23.9,"23,883",47,44,0.1,"2,810",5.5,0,,243,0.5,"2,025",4,"37,307","7,388",19.8,"19,258",51.6
NTA2020,0,Harlem (North),MN1002,Manhattan,"83,057",51329,"42,193","21,876",26.3,"8,915",10.7,"47,071",56.7,80,0.1,"2,228",2.7,2,0,748,0.9,"2,137",2.6,"59,037","13,784",23.3,"21,879",37.1
NTA2020,0,East Harlem (South),MN1101,Manhattan,"59,773",39644,"42,427","25,245",42.2,"11,124",18.6,"13,337",22.3,67,0.1,"7,756",13,0,,998,1.7,"1,246",2.1,"43,793","9,511",21.7,"15,870",36.2
NTA2020,0,East Harlem (North),MN1102,Manhattan,"64,720",31879,"40,658","29,191",45.1,"6,800",10.5,"24,446",37.8,7,0,"2,598",4,0,,552,0.9,"1,126",1.7,"45,190","12,291",27.2,"13,287",29.4
NTA2020,0,Washington Heights (South),MN1201,Manhattan,"82,547",53141,"32,319","58,325",70.7,"11,149",13.5,"8,328",10.1,94,0.1,"3,004",3.6,3,0,393,0.5,"1,251",1.5,"61,969","11,275",18.2,"20,193",32.6
NTA2020,0,Washington Heights (North),MN1202,Manhattan,"83,526",68970,"37,837","52,859",63.3,"22,852",27.4,"3,099",3.7,64,0.1,"2,357",2.8,5,0,546,0.7,"1,744",2.1,"62,842","11,697",18.6,"26,051",41.5
NTA2020,0,Inwood,MN1203,Manhattan,"42,900",63870,"37,465","30,753",71.7,"7,574",17.7,"2,266",5.3,50,0.1,"1,139",2.7,0,,126,0.3,992,2.3,"31,704","5,716",18,"11,984",37.8
NTA2020,0,Astoria (North)-Ditmars-Steinway,QN0101,Queens,"48,555",91218,"55,775","9,855",20.3,"30,964",63.8,"1,451",3,40,0.1,"4,386",9,0,,163,0.3,"1,696",3.5,"38,043","7,212",19,"19,598",51.5
NTA2020,0,Old Astoria-Hallets Point,QN0102,Queens,"13,273",72535,"54,001","4,752",35.8,"4,524",34.1,"1,332",10,0,,"2,117",15.9,0,,88,0.7,460,3.5,"9,932","2,452",24.7,"4,156",41.8
NTA2020,0,Astoria (Central),QN0103,Queens,"47,618",97216,"62,061","10,758",22.6,"25,143",52.8,"1,075",2.3,232,0.5,"8,136",17.1,0,,442,0.9,"1,832",3.8,"38,661","6,331",16.4,"23,610",61.1
NTA2020,0,Astoria (East)-Woodside (North),QN0104,Queens,"36,805",73486,"44,656","11,319",30.8,"17,126",46.5,"1,475",4,0,,"5,291",14.4,0,,266,0.7,"1,328",3.6,"29,040","6,687",23,"13,409",46.2
NTA2020,0,Queensbridge-Ravenswood-Dutch Kills,QN0105,Queens,"26,078",48129,"39,636","8,379",32.1,"6,636",25.4,"4,543",17.4,85,0.3,"5,192",19.9,9,0,202,0.8,"1,032",4,"19,074","5,717",30,"6,741",35.3
NTA2020,0,Long Island City-Hunters Point,QN0201,Queens,"24,301",141161,"96,756","2,427",10,"11,689",48.1,842,3.5,0,,"8,001",32.9,0,,44,0.2,"1,298",5.3,"18,829","1,211",6.4,"14,749",78.3
NTA2020,0,Sunnyside,QN0202,Queens,"49,937",73043,"45,872","17,237",34.5,"16,226",32.5,926,1.9,47,0.1,"13,600",27.2,9,0,381,0.8,"1,511",3,"38,706","9,000",23.3,"16,989",43.9
NTA2020,0,Woodside,QN0203,Queens,"48,799",69581,"40,299","18,442",37.8,"8,969",18.4,336,0.7,29,0.1,"20,233",41.5,0,,153,0.3,637,1.3,"37,330","12,591",33.7,"11,041",29.6
NTA2020,0,Jackson Heights,QN0301,Queens,"93,703",63970,"38,329","48,790",52.1,"16,452",17.6,"2,551",2.7,54,0.1,"22,932",24.5,63,0.1,496,0.5,"2,365",2.5,"70,265","21,383",30.4,"21,601",30.7
NTA2020,0,East Elmhurst,QN0302,Queens,"25,017",68498,"32,556","13,987",55.9,"1,660",6.6,"4,907",19.6,43,0.2,"3,841",15.4,5,0,56,0.2,518,2.1,"18,032","6,396",35.5,"3,628",20.1
NTA2020,0,North Corona,QN0303,Queens,"42,928",70443,"28,964","36,418",84.8,894,2.1,"2,224",5.2,19,0,"3,131",7.3,0,,158,0.4,84,0.2,"27,927","10,100",36.2,"2,803",10
NTA2020,0,Elmhurst,QN0401,Queens,"104,009",62011,"31,383","43,852",42.2,"5,717",5.5,"1,345",1.3,345,0.3,"50,642",48.7,42,0,301,0.3,"1,765",1.7,"74,252","21,752",29.3,"22,218",29.9
NTA2020,0,Corona,QN0402,Queens,"73,657",57948,"29,133","51,612",70.1,"4,818",6.5,"5,746",7.8,48,0.1,"10,471",14.2,0,,389,0.5,573,0.8,"49,508","15,015",30.3,"7,694",15.5
NTA2020,0,Maspeth,QN0501,Queens,"43,999",83387,"48,535","15,129",34.4,"22,060",50.1,341,0.8,33,0.1,"5,419",12.3,0,,360,0.8,657,1.5,"30,355","9,881",32.6,"8,524",28.1
NTA2020,0,Ridgewood,QN0502,Queens,"73,527",74971,"41,546","34,729",47.2,"29,437",40,"1,677",2.3,0,,"5,945",8.1,0,,230,0.3,"1,509",2.1,"51,522","14,731",28.6,"16,479",32
NTA2020,0,Glendale,QN0503,Queens,"36,257",82228,"44,304","16,116",44.4,"17,673",48.7,470,1.3,30,0.1,"1,537",4.2,0,,64,0.2,367,1,"25,919","9,316",35.9,"6,729",26
NTA2020,0,Middle Village,QN0504,Queens,"37,098",89319,"49,399","7,666",20.7,"23,607",63.6,207,0.6,42,0.1,"4,447",12,0,,793,2.1,336,0.9,"27,656","7,522",27.2,"10,208",36.9
NTA2020,0,Rego Park,QN0601,Queens,"30,274",76087,"52,955","5,721",18.9,"11,276",37.2,"1,006",3.3,0,,"11,281",37.3,34,0.1,305,1,651,2.2,"23,390","4,281",18.3,"12,266",52.4
NTA2020,0,Forest Hills,QN0602,Queens,"92,512",95991,"67,801","14,037",15.2,"44,837",48.5,"2,964",3.2,8,0,"25,531",27.6,0,,422,0.5,"4,713",5.1,"71,594","9,793",13.7,"44,331",61.9
NTA2020,0,College Point,QN0701,Queens,"31,377",73466,"35,813","12,775",40.7,"8,138",25.9,596,1.9,0,,"9,559",30.5,29,0.1,56,0.2,224,0.7,"21,936","6,982",31.8,"4,861",22.2
NTA2020,0,Whitestone-Beechhurst,QN0702,Queens,"31,085",87643,"47,512","4,408",14.2,"18,792",60.5,81,0.3,0,,"7,176",23.1,15,0,275,0.9,338,1.1,"23,115","5,786",25,"8,474",36.7
NTA2020,0,Bay Terrace-Clearview,QN0703,Queens,"23,745",94843,"59,427","3,332",14,"13,183",55.5,267,1.1,36,0.2,"6,290",26.5,0,,181,0.8,456,1.9,"18,076","3,345",18.5,"8,826",48.8
NTA2020,0,Murray Hill-Broadway Flushing,QN0704,Queens,"56,025",64954,"34,631","8,733",15.6,"12,196",21.8,791,1.4,42,0.1,"33,343",59.5,130,0.2,190,0.3,600,1.1,"43,112","12,064",28,"12,469",28.9
NTA2020,0,East Flushing,QN0705,Queens,"30,768",50166,"33,405","5,143",16.7,"4,211",13.7,695,2.3,303,1,"19,865",64.6,0,,125,0.4,426,1.4,"24,344","7,164",29.4,"6,244",25.6
NTA2020,0,Queensboro Hill,QN0706,Queens,"20,744",64390,"33,023","3,448",16.6,"2,674",12.9,259,1.2,43,0.2,"13,812",66.6,0,,214,1,294,1.4,"14,875","4,241",28.5,"3,993",26.8
NTA2020,0,Flushing-Willets Point,QN0707,Queens,"59,360",44322,"29,231","7,370",12.4,"4,854",8.2,"1,665",2.8,169,0.3,"44,229",74.5,7,0,251,0.4,815,1.4,"46,949","13,474",28.7,"10,758",22.9
NTA2020,0,Kew Gardens Hills,QN0801,Queens,"35,489",80864,"44,882","5,414",15.3,"17,791",50.1,"2,717",7.7,75,0.2,"8,349",23.5,0,,93,0.3,"1,050",3,"23,238","4,990",21.5,"11,326",48.7
NTA2020,0,Pomonok-Electchester-Hillcrest,QN0802,Queens,"36,510",64387,"33,856","10,407",28.5,"10,192",27.9,"4,466",12.2,71,0.2,"9,979",27.3,21,0.1,156,0.4,"1,218",3.3,"24,093","5,728",23.8,"8,386",34.8
NTA2020,0,Fresh Meadows-Utopia,QN0803,Queens,"22,124",89567,"49,060","2,237",10.1,"6,467",29.2,"1,574",7.1,0,,"11,203",50.6,0,,63,0.3,580,2.6,"15,846","3,231",20.4,"7,539",47.6
NTA2020,0,Jamaica Estates-Holliswood,QN0804,Queens,"25,084",74294,"45,439","3,567",14.2,"6,546",26.1,"6,419",25.6,111,0.4,"7,233",28.8,0,,371,1.5,837,3.3,"17,811","3,604",20.2,"8,237",46.2
NTA2020,0,Jamaica Hills-Briarwood,QN0805,Queens,"41,024",74446,"43,150","9,117",22.2,"7,824",19.1,"5,957",14.5,74,0.2,"14,772",36,0,,"1,640",4,"1,640",4,"29,400","5,856",19.9,"12,257",41.7
NTA2020,0,Kew Gardens,QN0901,Queens,"24,167",83841,"54,942","5,959",24.7,"11,045",45.7,"1,560",6.5,149,0.6,"4,457",18.4,10,0,248,1,739,3.1,"18,053","3,249",18,"8,805",48.8
NTA2020,0,Richmond Hill,QN0902,Queens,"35,842",74591,"35,757","14,888",41.5,"5,400",15.1,"2,814",7.9,313,0.9,"9,237",25.8,0,,"1,126",3.1,"2,064",5.8,"24,876","7,429",29.9,"7,233",29.1
NTA2020,0,South Richmond Hill,QN0903,Queens,"23,436",74631,"34,300","5,324",22.7,758,3.2,"2,916",12.4,153,0.7,"9,411",40.2,35,0.1,"3,956",16.9,883,3.8,"16,918","5,259",31.1,"3,891",23
NTA2020,0,Ozone Park (North),QN0904,Queens,"26,450",76546,"34,964","11,862",44.8,"3,598",13.6,"1,010",3.8,0,,"8,748",33.1,0,,213,0.8,"1,019",3.9,"17,951","5,657",31.5,"4,232",23.6
NTA2020,0,Woodhaven,QN0905,Queens,"41,984",77835,"38,951","25,082",59.7,"5,864",14,"1,806",4.3,0,,"7,471",17.8,0,,819,2,942,2.2,"29,412","8,246",28,"7,689",26.1
NTA2020,0,South Ozone Park,QN1001,Queens,"86,560",89797,"39,135","19,123",22.1,"4,087",4.7,"16,537",19.1,882,1,"28,556",33,107,0.1,"10,772",12.4,"6,496",7.5,"62,083","20,281",32.7,"12,517",20.2
NTA2020,0,Ozone Park,QN1002,Queens,"25,905",77461,"40,769","10,111",39,"4,929",19,"1,560",6,21,0.1,"7,097",27.4,8,0,997,3.8,"1,182",4.6,"17,252","4,585",26.6,"4,538",26.3
NTA2020,0,Howard Beach-Lindenwood,QN1003,Queens,"30,915",84030,"55,769","7,702",24.9,"19,924",64.4,"1,119",3.6,0,,"1,583",5.1,0,,0,,587,1.9,"23,547","7,513",31.9,"6,724",28.6
NTA2020,0,Auburndale,QN1101,Queens,"35,803",76178,"41,998","5,792",16.2,"12,261",34.2,461,1.3,45,0.1,"16,341",45.6,15,0,226,0.6,662,1.8,"26,662","6,553",24.6,"9,782",36.7
NTA2020,0,Bayside,QN1102,Queens,"36,255",98639,"51,494","4,387",12.1,"13,022",35.9,"1,187",3.3,61,0.2,"16,836",46.4,0,,52,0.1,710,2,"27,312","5,722",21,"12,201",44.7
NTA2020,0,Douglaston-Little Neck,QN1103,Queens,"26,547",99675,"54,879","2,636",9.9,"11,082",41.7,521,2,87,0.3,"11,704",44.1,0,,90,0.3,427,1.6,"20,639","3,712",18,"10,234",49.6
NTA2020,0,Oakland Gardens-Hollis Hills,QN1104,Queens,"27,411",92366,"50,936","4,733",17.3,"10,178",37.1,788,2.9,279,1,"10,800",39.4,0,,54,0.2,579,2.1,"19,668","4,050",20.6,"9,659",49.1
NTA2020,0,Jamaica,QN1201,Queens,"59,260",56631,"31,612","20,972",35.4,"2,583",4.4,"9,230",15.6,574,1,"20,897",35.3,26,0,"2,916",4.9,"2,062",3.5,"40,144","9,582",23.9,"9,867",24.6
NTA2020,0,South Jamaica,QN1202,Queens,"45,556",70440,"34,539","6,117",13.4,"1,044",2.3,"26,032",57.1,676,1.5,"7,118",15.6,0,,"3,276",7.2,"1,293",2.8,"29,827","10,256",34.4,"5,216",17.5
NTA2020,0,Baisley Park,QN1203,Queens,"44,511",72872,"37,873","6,027",13.5,565,1.3,"29,469",66.2,117,0.3,"3,301",7.4,0,,"2,949",6.6,"2,083",4.7,"30,433","10,801",35.5,"5,943",19.5
NTA2020,0,Springfield Gardens (North)-Rochdale Village,QN1204,Queens,"31,849",66093,"42,974","2,795",8.8,538,1.7,"26,834",84.3,131,0.4,437,1.4,0,,312,1,802,2.5,"22,393","6,517",29.1,"5,185",23.2
NTA2020,0,St. Albans,QN1205,Queens,"55,619",90933,"43,560","3,779",6.8,870,1.6,"45,865",82.5,284,0.5,"1,331",2.4,125,0.2,"1,467",2.6,"1,898",3.4,"39,632","12,833",32.4,"9,638",24.3
NTA2020,0,Hollis,QN1206,Queens,"23,229",77283,"39,815","3,002",12.9,526,2.3,"12,110",52.1,38,0.2,"5,234",22.5,0,,"1,375",5.9,944,4.1,"16,768","5,096",30.4,"4,348",25.9
NTA2020,0,Glen Oaks-Floral Park-New Hyde Park,QN1301,Queens,"25,349",99939,"54,459","2,280",9,"8,375",33,"1,220",4.8,173,0.7,"12,162",48,39,0.2,515,2,585,2.3,"19,707","3,910",19.8,"9,906",50.3
NTA2020,0,Bellerose,QN1302,Queens,"28,325",99346,"53,230","5,954",21,"5,651",20,"2,947",10.4,18,0.1,"12,413",43.8,0,,302,1.1,"1,040",3.7,"21,115","5,081",24.1,"8,578",40.6
NTA2020,0,Queens Village,QN1303,Queens,"59,042",89413,"40,561","12,650",21.4,"2,849",4.8,"23,902",40.5,120,0.2,"11,840",20.1,0,,"4,274",7.2,"3,407",5.8,"42,831","12,092",28.2,"11,604",27.1
NTA2020,0,Cambria Heights,QN1304,Queens,"21,653",109528,"47,377","1,264",5.8,603,2.8,"18,999",87.7,119,0.5,122,0.6,0,,134,0.6,412,1.9,"16,354","4,554",27.8,"5,517",33.7
NTA2020,0,Laurelton,QN1305,Queens,"28,918",103310,"46,316","1,912",6.6,313,1.1,"25,471",88.1,39,0.1,414,1.4,0,,398,1.4,371,1.3,"20,701","6,183",29.9,"6,282",30.3
NTA2020,0,Springfield Gardens (South)-Brookville,QN1306,Queens,"23,707",98907,"44,323","2,195",9.3,720,3,"19,453",82.1,30,0.1,445,1.9,0,,200,0.8,664,2.8,"16,156","5,567",34.5,"3,877",24
NTA2020,0,Rosedale,QN1307,Queens,"27,169",93560,"47,185","2,676",9.8,"1,634",6,"20,749",76.4,95,0.3,"1,185",4.4,0,,242,0.9,588,2.2,"19,517","5,187",26.6,"5,882",30.1
NTA2020,0,Far Rockaway-Bayswater,QN1401,Queens,"65,068",58077,"35,318","15,823",24.3,"17,495",26.9,"26,319",40.4,0,,"2,900",4.5,38,0.1,476,0.7,"2,017",3.1,"39,474","11,143",28.2,"10,931",27.7
NTA2020,0,Rockaway Beach-Arverne-Edgemere,QN1402,Queens,"44,546",53492,"39,382","12,752",28.6,"8,228",18.5,"19,729",44.3,39,0.1,"1,654",3.7,0,,"1,062",2.4,"1,082",2.4,"28,931","8,698",30.1,"7,662",26.5
NTA2020,0,Breezy Point-Belle Harbor-Rockaway Park-Broad Channel,QN1403,Queens,"26,170",95535,"60,918","3,077",11.8,"21,327",81.5,699,2.7,0,,754,2.9,0,,9,0,304,1.2,"19,197","4,285",22.3,"8,916",46.4
NTA2020,0,St. George-New Brighton,SI0101,Staten Island,"18,063",58015,"43,147","6,508",36,"5,227",28.9,"4,628",25.6,120,0.7,"1,154",6.4,0,,5,0,421,2.3,"13,000","3,259",25.1,"4,128",31.8
NTA2020,0,Tompkinsville-Stapleton-Clifton-Fox Hills,SI0102,Staten Island,"16,355",52206,"32,390","5,058",30.9,"3,649",22.3,"6,191",37.9,6,0,994,6.1,0,,0,,457,2.8,"11,162","3,645",32.7,"2,997",26.9
NTA2020,0,Rosebank-Shore Acres-Park Hill,SI0103,Staten Island,"24,024",62792,"43,364","5,792",24.1,"8,357",34.8,"4,680",19.5,0,,"4,734",19.7,0,,75,0.3,386,1.6,"17,309","5,279",30.5,"4,962",28.7
NTA2020,0,West New Brighton-Silver Lake-Grymes Hill,SI0104,Staten Island,"35,577",97580,"49,763","7,406",20.8,"18,751",52.7,"6,081",17.1,9,0,"2,017",5.7,0,,52,0.1,"1,261",3.5,"24,544","6,138",25,"10,352",42.2
NTA2020,0,Westerleigh-Castleton Corners,SI0105,Staten Island,"31,941",112098,"54,919","5,394",16.9,"21,252",66.5,949,3,0,,"3,682",11.5,0,,55,0.2,609,1.9,"22,838","6,824",29.9,"8,158",35.7
NTA2020,0,Port Richmond,SI0106,Staten Island,"19,701",66046,"37,455","8,239",41.8,"4,018",20.4,"5,797",29.4,21,0.1,"1,122",5.7,0,,37,0.2,467,2.4,"12,475","4,346",34.8,"3,137",25.1
NTA2020,0,Mariner's Harbor-Arlington-Graniteville,SI0107,Staten Island,"33,869",74726,"42,909","12,727",37.6,"6,775",20,"9,148",27,35,0.1,"3,761",11.1,0,,126,0.4,"1,297",3.8,"22,287","7,341",32.9,"5,909",26.5
NTA2020,0,Grasmere-Arrochar-South Beach-Dongan Hills,SI0201,Staten Island,"37,485",76573,"44,833","5,243",14,"22,479",60,"2,401",6.4,94,0.3,"6,406",17.1,0,,39,0.1,823,2.2,"26,498","7,632",28.8,"8,221",31
NTA2020,0,New Dorp-Midland Beach,SI0202,Staten Island,"28,775",85436,"52,243","4,952",17.2,"17,719",61.6,"1,196",4.2,29,0.1,"4,095",14.2,0,,127,0.4,657,2.3,"19,753","6,308",31.9,"6,211",31.4
NTA2020,0,Todt Hill-Emerson Hill-Lighthouse Hill-Manor Heights,SI0203,Staten Island,"32,814",95028,"52,975","3,004",9.2,"22,175",67.6,992,3,105,0.3,"5,653",17.2,0,,125,0.4,760,2.3,"22,500","6,430",28.6,"9,357",41.6
NTA2020,0,New Springville-Willowbrook-Bulls Head-Travis,SI0204,Staten Island,"43,695",93176,"47,822","7,168",16.4,"26,107",59.7,"1,324",3,52,0.1,"8,336",19.1,0,,14,0,694,1.6,"31,463","9,562",30.4,"11,012",35
NTA2020,0,Oakwood-Richmondtown,SI0301,Staten Island,"21,333",94998,"51,341","2,843",13.3,"15,743",73.8,194,0.9,0,,"1,715",8,0,,85,0.4,753,3.5,"15,574","5,841",37.5,"5,069",32.5
NTA2020,0,Great Kills-Eltingville,SI0302,Staten Island,"55,978",109878,"60,012","6,900",12.3,"45,070",80.5,539,1,44,0.1,"2,534",4.5,0,,157,0.3,734,1.3,"40,477","11,989",29.6,"16,224",40.1
NTA2020,0,Arden Heights-Rossville,SI0303,Staten Island,"31,650",100903,"54,426","4,659",14.7,"24,100",76.1,147,0.5,10,0,"1,976",6.2,0,,94,0.3,664,2.1,"22,141","6,474",29.2,"7,623",34.4
NTA2020,0,Annadale-Huguenot-Prince's Bay-Woodrow,SI0304,Staten Island,"44,207",106497,"62,932","2,930",6.6,"37,949",85.8,378,0.9,147,0.3,"2,374",5.4,0,,56,0.1,373,0.8,"30,233","8,895",29.4,"12,280",40.6
NTA2020,0,Tottenville-Charleston,SI0305,Staten Island,"16,919",110256,"60,076","1,907",11.3,"14,425",85.3,27,0.2,0,,512,3,0,,0,,48,0.3,"11,667","2,865",24.6,"4,309",36.9
NTA2020,5,Rikers Island,QN0151,Queens,"6,661",,"13,077","2,166",32.5,"1,066",16,"3,157",47.4,39,0.6,177,2.7,0,,18,0.3,38,0.6,"5,557","2,278",41,132,2.4
NTA2020,6,Brooklyn Navy Yard,BK0261,Brooklyn,0,,,0,,0,,0,,0,,0,,0,,0,,0,,0,0,,0,
NTA2020,6,Fort Hamilton,BK1061,Brooklyn,"1,310",120248,"39,037",84,6.4,669,51.1,388,29.6,0,,86,6.6,25,1.9,0,,58,4.4,610,83,13.6,342,56.1
NTA2020,6,Hutchinson Metro Center,BX1161,Bronx,544,,"2,499",127,23.3,259,47.6,152,27.9,0,,6,1.1,0,,0,,0,,544,206,37.9,31,5.7
NTA2020,6,United Nations,MN0661,Manhattan,0,,,0,,0,,0,,0,,0,,0,,0,,0,,0,0,,0,
NTA2020,6,Sunnyside Yards (North),QN0161,Queens,35,174998,"2,499",9,25.7,0,,20,57.1,0,,4,11.4,0,,0,,2,5.7,22,0,,4,18.2
NTA2020,6,Sunnyside Yards (South),QN0261,Queens,0,,,0,,0,,0,,0,,0,,0,,0,,0,,0,0,,0,
NTA2020,6,Fort Totten,QN0761,Queens,0,,,0,,0,,0,,0,,0,,0,,0,,0,,0,0,,0,
NTA2020,6,Fort Wadsworth,SI9561,Staten Island,525,79525,"41,970",153,29.1,310,59,0,,0,,36,6.9,0,,5,1,21,4,321,73,22.7,134,41.7
NTA2020,7,The Evergreens Cemetery,BK0471,Brooklyn,0,,,0,,0,,0,,0,,0,,0,,0,,0,,0,0,,0,
NTA2020,7,Highland Park-Cypress Hills Cemeteries (South),BK0571,Brooklyn,0,,,0,,0,,0,,0,,0,,0,,0,,0,,0,0,,0,
NTA2020,7,Green-Wood Cemetery,BK0771,Brooklyn,0,,,0,,0,,0,,0,,0,,0,,0,,0,,0,0,,0,
NTA2020,7,Holy Cross Cemetery,BK1771,Brooklyn,24,137498,"58,999",19,79.2,0,,5,20.8,0,,0,,0,,0,,0,,14,0,,14,100
NTA2020,7,Hart Island,BX1071,Bronx,0,,,0,,0,,0,,0,,0,,0,,0,,0,,0,0,,0,
NTA2020,7,Woodlawn Cemetery,BX1271,Bronx,0,,,0,,0,,0,,0,,0,,0,,0,,0,,0,0,,0,
NTA2020,7,St. Michael's Cemetery,QN0171,Queens,0,,,0,,0,,0,,0,,0,,0,,0,,0,,0,0,,0,
NTA2020,7,Calvary & Mount Zion Cemeteries,QN0271,Queens,0,,,0,,0,,0,,0,,0,,0,,0,,0,,0,0,,0,
NTA2020,7,Mount Olivet & All Faiths Cemeteries,QN0571,Queens,14,67498,"69,999",0,,14,100,0,,0,,0,,0,,0,,0,,14,0,,0,
NTA2020,7,Middle Village Cemetery,QN0572,Queens,0,,,0,,0,,0,,0,,0,,0,,0,,0,,0,0,,0,
NTA2020,7,St. John Cemetery,QN0573,Queens,0,,,0,,0,,0,,0,,0,,0,,0,,0,,0,0,,0,
NTA2020,7,Highland Park-Cypress Hills Cemeteries (North),QN0574,Queens,20,34998,"81,249",0,,12,60,0,,0,,8,40,0,,0,,0,,16,4,25,0,
NTA2020,7,Mount Hebron & Cedar Grove Cemeteries,QN0871,Queens,0,,,0,,0,,0,,0,,0,,0,,0,,0,,0,0,,0,
NTA2020,7,Montefiore Cemetery,QN1371,Queens,0,,,0,,0,,0,,0,,0,,0,,0,,0,,0,0,,0,
NTA2020,8,LaGuardia Airport,QN8081,Queens,0,,,0,,0,,0,,0,,0,,0,,0,,0,,0,0,,0,
NTA2020,8,John F. Kennedy International Airport,QN8381,Queens,0,,,0,,0,,0,,0,,0,,0,,0,,0,,0,0,,0,
NTA2020,9,Lincoln Terrace Park,BK0891,Brooklyn,0,,,0,,0,,0,,0,,0,,0,,0,,0,,0,0,,0,
NTA2020,9,Dyker Beach Park,BK1091,Brooklyn,0,,,0,,0,,0,,0,,0,,0,,0,,0,,0,0,,0,
NTA2020,9,Calvert Vaux Park,BK1391,Brooklyn,0,,,0,,0,,0,,0,,0,,0,,0,,0,,0,0,,0,
NTA2020,9,Marine Park-Plumb Island,BK1891,Brooklyn,0,,,0,,0,,0,,0,,0,,0,,0,,0,,0,0,,0,
NTA2020,9,McGuire Fields,BK1892,Brooklyn,0,,,0,,0,,0,,0,,0,,0,,0,,0,,0,0,,0,
NTA2020,9,Canarsie Park & Pier,BK1893,Brooklyn,0,,,0,,0,,0,,0,,0,,0,,0,,0,,0,0,,0,
NTA2020,9,Prospect Park,BK5591,Brooklyn,0,,,0,,0,,0,,0,,0,,0,,0,,0,,0,0,,0,
NTA2020,9,Barren Island-Floyd Bennett Field,BK5691,Brooklyn,20,116665,"91,666",4,20,16,80,0,,0,,0,,0,,0,,0,,20,0,,20,100
NTA2020,9,Jamaica Bay (West),BK5692,Brooklyn,0,,,0,,0,,0,,0,,0,,0,,0,,0,,0,0,,0,
NTA2020,9,Shirley Chisholm State Park,BK5693,Brooklyn,0,,,0,,0,,0,,0,,0,,0,,0,,0,,0,0,,0,
NTA2020,9,North & South Brother Islands,BX0291,Bronx,0,,,0,,0,,0,,0,,0,,0,,0,,0,,0,0,,0,
NTA2020,9,Crotona Park,BX0391,Bronx,0,,,0,,0,,0,,0,,0,,0,,0,,0,,0,0,,0,
NTA2020,9,Yankee Stadium-Macombs Dam Park,BX0491,Bronx,0,,,0,,0,,0,,0,,0,,0,,0,,0,,0,0,,0,
NTA2020,9,Claremont Park,BX0492,Bronx,0,,,0,,0,,0,,0,,0,,0,,0,,0,,0,0,,0,
NTA2020,9,Soundview Park,BX0991,Bronx,0,,,0,,0,,0,,0,,0,,0,,0,,0,,0,0,,0,
NTA2020,9,Ferry Point Park-St. Raymond Cemetery,BX1091,Bronx,0,,,0,,0,,0,,0,,0,,0,,0,,0,,0,0,,0,
NTA2020,9,Van Cortlandt Park,BX2691,Bronx,0,,,0,,0,,0,,0,,0,,0,,0,,0,,0,0,,0,
NTA2020,9,Bronx Park,BX2791,Bronx,15,54998,"6,249",3,20,1,6.7,11,73.3,0,,0,,0,,0,,0,,13,0,,1,7.7
NTA2020,9,Pelham Bay Park,BX2891,Bronx,52,12916,"41,249",6,11.5,15,28.8,31,59.6,0,,0,,0,,0,,0,,31,9,29,15,48.4
NTA2020,9,The Battery-Governors Island-Ellis Island-Liberty Island,MN0191,Manhattan,0,,,0,,0,,0,,0,,0,,0,,0,,0,,0,0,,0,
NTA2020,9,Randall's Island,MN1191,Manhattan,"1,845",,"14,436",504,27.3,256,13.9,"1,006",54.5,4,0.2,46,2.5,5,0.3,2,0.1,22,1.2,"1,684",740,43.9,42,2.5
NTA2020,9,Highbridge Park,MN1291,Manhattan,0,,,0,,0,,0,,0,,0,,0,,0,,0,,0,0,,0,
NTA2020,9,Inwood Hill Park,MN1292,Manhattan,21,,"2,499",5,23.8,6,28.6,7,33.3,0,,3,14.3,0,,0,,0,,19,6,31.6,0,
NTA2020,9,Central Park,MN6491,Manhattan,0,,,0,,0,,0,,0,,0,,0,,0,,0,,0,0,,0,
NTA2020,9,Astoria Park,QN0191,Queens,0,,,0,,0,,0,,0,,0,,0,,0,,0,,0,0,,0,
NTA2020,9,Kissena Park,QN0791,Queens,0,,,0,,0,,0,,0,,0,,0,,0,,0,,0,0,,0,
NTA2020,9,Cunningham Park,QN0891,Queens,0,,,0,,0,,0,,0,,0,,0,,0,,0,,0,0,,0,
NTA2020,9,Spring Creek Park,QN1091,Queens,0,,,0,,0,,0,,0,,0,,0,,0,,0,,0,0,,0,
NTA2020,9,Alley Pond Park,QN1191,Queens,94,,"5,832",19,20.2,63,67,4,4.3,0,,8,8.5,0,,0,,0,,54,0,,43,79.6
NTA2020,9,Rockaway Community Park,QN1491,Queens,0,,,0,,0,,0,,0,,0,,0,,0,,0,,0,0,,0,
NTA2020,9,Flushing Meadows-Corona Park,QN8191,Queens,0,,,0,,0,,0,,0,,0,,0,,0,,0,,0,0,,0,
NTA2020,9,Forest Park,QN8291,Queens,0,,,0,,0,,0,,0,,0,,0,,0,,0,,0,0,,0,
NTA2020,9,Jamaica Bay (East),QN8491,Queens,0,,,0,,0,,0,,0,,0,,0,,0,,0,,0,0,,0,
NTA2020,9,Jacob Riis Park-Fort Tilden-Breezy Point Tip,QN8492,Queens,13,54998,,0,,13,100,0,,0,,0,,0,,0,,0,,13,4,30.8,4,30.8
NTA2020,9,Snug Harbor,SI0191,Staten Island,0,,,0,,0,,0,,0,,0,,0,,0,,0,,0,0,,0,
NTA2020,9,Freshkills Park (North),SI0291,Staten Island,0,,,0,,0,,0,,0,,0,,0,,0,,0,,0,0,,0,
NTA2020,9,Freshkills Park (South),SI0391,Staten Island,23,73498,"49,499",0,,18,78.3,5,21.7,0,,0,,0,,0,,0,,23,4,17.4,19,82.6
NTA2020,9,Hoffman & Swinburne Islands,SI9591,Staten Island,0,,,0,,0,,0,,0,,0,,0,,0,,0,,0,0,,0,
NTA2020,9,Miller Field,SI9592,Staten Island,260,155404,"40,348",74,28.5,14,5.4,172,66.2,0,,0,,0,,0,,0,,124,0,,72,58.1
NTA2020,9,Great Kills Park,SI9593,Staten Island,0,,,0,,0,,0,,0,,0,,0,,0,,0,,0,0,,0,